Workbook

Sheet Read Me
A1: Master Item Bank
A2: One source of truth for every practice item, assessment item, explanation, and standard link.
A3: What this is | B3: A single bank of items. Lessons and assessment packages are VIEWS pulled from this bank by filtering, rather than hand-built each time. Author an item once, reuse it in a lesson, a summative form, a delayed retake, a capstone, or a spiral review in a later unit.
A4: How to use it | B4: Work on the Items tab. Filter by Standard code, Item type, or Form / Use to pull the set you need. Controlled columns have dropdowns (see the Enums tab) so values stay consistent. The Standards tab holds the verbatim standard each item links to. The Coverage tab counts items per standard so gaps are visible.
A5: Why it is domain-agnostic | B5: The schema carries the scoring model, not a quiz assumption. A math item is type MC, scored auto-key by the system. An avionics item is type Performance, scored by observed sign-off from a qualified evaluator, with References pointing to the maintenance manual or AC 43.13. A history item is type Constructed, scored by rubric. Same table, any domain.
A6: Item types | B6: MC (selected response), Constructed (written explanation), Performance (observed or produced task). Use Performance for procedural and hands-on standards.
A7: Scoring method | B7: auto-key (the system grades it), rubric (an adult grades against criteria), observed sign-off (a qualified evaluator watches and signs). Who scores names the role.
A8: Form / Use | B8: Where the item is used: Lesson practice, Lesson mastery, Summative A, Delayed B, Capstone, Performance task, Decode game. One item can be promoted from practice to a form by changing this field.
A9: Non-compensatory note | B9: Performance and Constructed items carry the weight a credential rests on. A critical defect on those is an automatic not-yet regardless of MC score. The Misconception targeted column records the defect each item is built to catch.
A10: What is seeded now | B10: All of Grade 2 Unit 1: the A.2 through A.5 assessment items (Forms A and B plus the constructed items), the four performance tasks, a full A.1 set, and the unit capstone. 95 items across the five Unit 1 standards.
A11: Next steps | B11: Bulk-import the remaining Grade 2, 3, and 8 standards into the Standards tab, then author or import their items. Long term, export this bank to JSON so the lesson files read their questions from the bank instead of hardcoding them.
A12: Last updated | B12: 2026-05-22

Sheet Standards
A1: Standard code | B1: Grade | C1: Domain | D1: Standard text (verbatim) | E1: Common Core alignment | F1: Source | G1: Unit | H1: Recipe type
A2: 2.NBT.A.1 | B2: 2 | C2: NBT | D2: Understand three-digit numbers are composed of hundreds, tens and ones. | E2: 2.NBT.A.1 | F2: Missouri Learning Standards (DESE 2016) | G2: Unit 1: Place Value to 1,000 | H2: Conceptual
A3: 2.NBT.A.2 | B3: 2 | C3: NBT | D3: Understand that 100 can be thought of as 10 tens, called a "hundred". | E3: 2.NBT.A.1.a | F3: Missouri Learning Standards (DESE 2016) | G3: Unit 1: Place Value to 1,000 | H3: Conceptual
A4: 2.NBT.A.3 | B4: 2 | C4: NBT | D4: Count within 1000 by 1s, 10s and 100s starting with any number. | E4: 2.NBT.A.2 | F4: Missouri Learning Standards (DESE 2016) | G4: Unit 1: Place Value to 1,000 | H4: Procedural
A5: 2.NBT.A.4 | B5: 2 | C5: NBT | D5: Read and write numbers to 1000 using number names, base-ten numerals and expanded form. | E5: 2.NBT.A.3 | F5: Missouri Learning Standards (DESE 2016) | G5: Unit 1: Place Value to 1,000 | H5: Conceptual
A6: 2.NBT.A.5 | B6: 2 | C6: NBT | D6: Compare two three-digit numbers using the symbols >, = or <. | E6: 2.NBT.A.4 | F6: Missouri Learning Standards (DESE 2016) | G6: Unit 1: Place Value to 1,000 | H6: Conceptual

Sheet Items
A1: Item ID | B1: Standard code | C1: Grade | D1: Domain | E1: Unit | F1: Lesson / Atom | G1: Recipe type | H1: Item type | I1: Cognitive level | J1: Form / Use | K1: Stem | L1: Option A | M1: Option B | N1: Option C | O1: Option D | P1: Key | Q1: Explanation | R1: Misconception targeted | S1: Points | T1: Scoring method | U1: Who scores | V1: References | W1: Status | X1: Last updated
A2: 2.NBT.A.2-A1 | B2: 2.NBT.A.2 | C2: 2 | D2: NBT | E2: Unit 1: Place Value to 1,000 | F2: G2-U1 / 2.NBT.A.2 | G2: Conceptual | H2: MC | I2: Remember | J2: Summative A | K2: How many tens make one hundred? | L2: 10 | M2: 5 | N2: 100 | O2: 1000 | P2: ten | Q2: Counting by tens, it takes ten tens to reach one hundred. | R2: 100 = face value of the number; 5 = half error; 1000 = over-bundling (ten hundreds). | S2: 1 | T2: auto-key | U2: system | V2: Missouri Learning Standards (DESE 2016); Common Core 2.NBT.A; base-ten manipulatives | W2: Ready | X2: 2026-05-22
A3: 2.NBT.A.2-A2 | B3: 2.NBT.A.2 | C3: 2 | D3: NBT | E3: Unit 1: Place Value to 1,000 | F3: G2-U1 / 2.NBT.A.2 | G3: Conceptual | H3: MC | I3: Understand | J3: Summative A | K3: 100 is the same as how many tens? | L3: 1 | M3: 100 | N3: 10 | O3: 1000 | P3: 10 | Q3: One hundred is exactly ten tens. | R3: 1 = a hundred is one unit only; 100 = face-value error; 1000 = over-bundling. | S3: 1 | T3: auto-key | U3: system | V3: Missouri Learning Standards (DESE 2016); Common Core 2.NBT.A; base-ten manipulatives | W3: Ready | X3: 2026-05-22
A4: 2.NBT.A.2-A3 | B4: 2.NBT.A.2 | C4: 2 | D4: NBT | E4: Unit 1: Place Value to 1,000 | F4: G2-U1 / 2.NBT.A.2 | G4: Conceptual | H4: MC | I4: Understand | J4: Summative A | K4: Ten tens is the same as how many ones? | L4: 100 | M4: 10 | N4: 20 | O4: 1000 | P4: 100 | Q4: Ten tens equals one hundred, which is 100 ones. | R4: 10 = counting the tens not the ones; 20 = doubling; 1000 = over-bundling. | S4: 1 | T4: auto-key | U4: system | V4: Missouri Learning Standards (DESE 2016); Common Core 2.NBT.A; base-ten manipulatives | W4: Ready | X4: 2026-05-22
A5: 2.NBT.A.2-A4 | B5: 2.NBT.A.2 | C5: 2 | D5: NBT | E5: Unit 1: Place Value to 1,000 | F5: G2-U1 / 2.NBT.A.2 | G5: Conceptual | H5: MC | I5: Understand | J5: Summative A | K5: Which group shows one hundred? | L5: 10 ones | M5: 1 ten | N5: 10 tens | O5: 100 tens | P5: 10 tens | Q5: One hundred is ten tens bundled together. | R5: 10 ones = the ten-ones error; 1 ten = just a ten; 100 tens = over-counting. | S5: 1 | T5: auto-key | U5: system | V5: Missouri Learning Standards (DESE 2016); Common Core 2.NBT.A; base-ten manipulatives | W5: Ready | X5: 2026-05-22
A6: 2.NBT.A.2-A5 | B6: 2.NBT.A.2 | C6: 2 | D6: NBT | E6: Unit 1: Place Value to 1,000 | F6: G2-U1 / 2.NBT.A.2 | G6: Conceptual | H6: MC | I6: Understand | J6: Summative A | K6: You bundle ten tens together. What single unit do you have now? | L6: one ten | M6: one hundred | N6: one thousand | O6: ten ones | P6: one hundred | Q6: Ten tens snap together into one new unit, one hundred. | R6: one ten = no bundling happened; one thousand = over-bundling; ten ones = unit confusion. | S6: 1 | T6: auto-key | U6: system | V6: Missouri Learning Standards (DESE 2016); Common Core 2.NBT.A; base-ten manipulatives | W6: Ready | X6: 2026-05-22
A7: 2.NBT.A.2-A6 | B7: 2.NBT.A.2 | C7: 2 | D7: NBT | E7: Unit 1: Place Value to 1,000 | F7: G2-U1 / 2.NBT.A.2 | G7: Conceptual | H7: MC | I7: Apply | J7: Summative A | K7: One hundred can be broken apart into how many tens? | L7: 100 | M7: 5 | N7: 1 | O7: 10 | P7: 10 | Q7: One hundred unbundles back into ten tens. | R7: 100 = breaking into ones not tens; 5 = half; 1 = treating a hundred as one ten. | S7: 1 | T7: auto-key | U7: system | V7: Missouri Learning Standards (DESE 2016); Common Core 2.NBT.A; base-ten manipulatives | W7: Ready | X7: 2026-05-22
A8: 2.NBT.A.2-A7 | B8: 2.NBT.A.2 | C8: 2 | D8: NBT | E8: Unit 1: Place Value to 1,000 | F8: G2-U1 / 2.NBT.A.2 | G8: Conceptual | H8: MC | I8: Apply | J8: Summative A | K8: How many tens in all are in 2 hundreds (200)? | L8: 2 | M8: 200 | N8: 20 | O8: 10 | P8: 20 | Q8: Each hundred is ten tens, so two hundreds is 20 tens. | R8: 2 = hundreds digit only; 200 = ones; 10 = tens in one hundred, forgot to double. | S8: 1 | T8: auto-key | U8: system | V8: Missouri Learning Standards (DESE 2016); Common Core 2.NBT.A; base-ten manipulatives | W8: Ready | X8: 2026-05-22
A9: 2.NBT.A.2-A8 | B9: 2.NBT.A.2 | C9: 2 | D9: NBT | E9: Unit 1: Place Value to 1,000 | F9: G2-U1 / 2.NBT.A.2 | G9: Conceptual | H9: MC | I9: Apply | J9: Summative A | K9: A store has 10 boxes of markers. Each box holds 10 markers. How many markers in all, and what is that group called? | L9: 100 markers, one hundred | M9: 10 markers, one ten | N9: 20 markers, two tens | O9: 1000 markers, one thousand | P9: 100 markers, one hundred | Q9: Ten groups of ten is ten tens, which is one hundred, or 100 markers. | R9: one ten = grouped by ones; two tens = added the groups; one thousand = over-bundling. | S9: 1 | T9: auto-key | U9: system | V9: Missouri Learning Standards (DESE 2016); Common Core 2.NBT.A; base-ten manipulatives | W9: Ready | X9: 2026-05-22
A10: 2.NBT.A.2-A9 | B10: 2.NBT.A.2 | C10: 2 | D10: NBT | E10: Unit 1: Place Value to 1,000 | F10: G2-U1 / 2.NBT.A.2 | G10: Conceptual | H10: Constructed | I10: Analyze | J10: Summative A | K10: Mia says one hundred is the same as ten ones. Explain why Mia is wrong, and tell what ten ones really make. | P10: Must state that ten ones make only one ten (not a hundred), and that one hundred is ten tens, which is 100 ones. | Q10: Scored by rubric. Targets the ten-ones misconception directly. | S10: 2 | T10: rubric | U10: adult | V10: Missouri Learning Standards (DESE 2016); Common Core 2.NBT.A; base-ten manipulatives | W10: Ready | X10: 2026-05-22
A11: 2.NBT.A.2-B1 | B11: 2.NBT.A.2 | C11: 2 | D11: NBT | E11: Unit 1: Place Value to 1,000 | F11: G2-U1 / 2.NBT.A.2 | G11: Conceptual | H11: MC | I11: Remember | J11: Delayed B | K11: Count by tens to one hundred. How many tens did you count? | L11: 10 | M11: 9 | N11: 100 | O11: 5 | P11: 10 | Q11: Ten tens reach one hundred. | R11: Parallel to A1. | S11: 1 | T11: auto-key | U11: system | V11: Missouri Learning Standards (DESE 2016); Common Core 2.NBT.A; base-ten manipulatives | W11: Ready | X11: 2026-05-22
A12: 2.NBT.A.2-B2 | B12: 2.NBT.A.2 | C12: 2 | D12: NBT | E12: Unit 1: Place Value to 1,000 | F12: G2-U1 / 2.NBT.A.2 | G12: Conceptual | H12: MC | I12: Understand | J12: Delayed B | K12: One hundred is the same as how many tens? | L12: 100 | M12: 10 | N12: 1 | O12: 1000 | P12: 10 | Q12: One hundred is ten tens. | R12: Parallel to A2. | S12: 1 | T12: auto-key | U12: system | V12: Missouri Learning Standards (DESE 2016); Common Core 2.NBT.A; base-ten manipulatives | W12: Ready | X12: 2026-05-22
A13: 2.NBT.A.2-B3 | B13: 2.NBT.A.2 | C13: 2 | D13: NBT | E13: Unit 1: Place Value to 1,000 | F13: G2-U1 / 2.NBT.A.2 | G13: Conceptual | H13: MC | I13: Understand | J13: Delayed B | K13: How many ones are in ten tens? | L13: 10 | M13: 1000 | N13: 100 | O13: 110 | P13: 100 | Q13: Ten tens is one hundred, which is 100 ones. | R13: Parallel to A3. | S13: 1 | T13: auto-key | U13: system | V13: Missouri Learning Standards (DESE 2016); Common Core 2.NBT.A; base-ten manipulatives | W13: Ready | X13: 2026-05-22
A14: 2.NBT.A.2-B4 | B14: 2.NBT.A.2 | C14: 2 | D14: NBT | E14: Unit 1: Place Value to 1,000 | F14: G2-U1 / 2.NBT.A.2 | G14: Conceptual | H14: MC | I14: Understand | J14: Delayed B | K14: Which group shows one hundred? | L14: 10 tens | M14: 10 ones | N14: 1 ten | O14: 2 tens | P14: 10 tens | Q14: One hundred is ten tens. | R14: Parallel to A4. | S14: 1 | T14: auto-key | U14: system | V14: Missouri Learning Standards (DESE 2016); Common Core 2.NBT.A; base-ten manipulatives | W14: Ready | X14: 2026-05-22
A15: 2.NBT.A.2-B5 | B15: 2.NBT.A.2 | C15: 2 | D15: NBT | E15: Unit 1: Place Value to 1,000 | F15: G2-U1 / 2.NBT.A.2 | G15: Conceptual | H15: MC | I15: Understand | J15: Delayed B | K15: You snap ten ten-rods together. What single unit is that? | L15: ten ones | M15: one thousand | N15: one hundred | O15: one ten | P15: one hundred | Q15: Ten tens make one hundred. | R15: Parallel to A5. | S15: 1 | T15: auto-key | U15: system | V15: Missouri Learning Standards (DESE 2016); Common Core 2.NBT.A; base-ten manipulatives | W15: Ready | X15: 2026-05-22
A16: 2.NBT.A.2-B6 | B16: 2.NBT.A.2 | C16: 2 | D16: NBT | E16: Unit 1: Place Value to 1,000 | F16: G2-U1 / 2.NBT.A.2 | G16: Conceptual | H16: MC | I16: Apply | J16: Delayed B | K16: One hundred unbundles into how many tens? | L16: 10 | M16: 1 | N16: 100 | O16: 20 | P16: 10 | Q16: One hundred is ten tens. | R16: Parallel to A6. | S16: 1 | T16: auto-key | U16: system | V16: Missouri Learning Standards (DESE 2016); Common Core 2.NBT.A; base-ten manipulatives | W16: Ready | X16: 2026-05-22
A17: 2.NBT.A.2-B7 | B17: 2.NBT.A.2 | C17: 2 | D17: NBT | E17: Unit 1: Place Value to 1,000 | F17: G2-U1 / 2.NBT.A.2 | G17: Conceptual | H17: MC | I17: Apply | J17: Delayed B | K17: How many tens in all are in 3 hundreds (300)? | L17: 3 | M17: 30 | N17: 300 | O17: 10 | P17: 30 | Q17: Each hundred is ten tens, so three hundreds is 30 tens. | R17: Parallel to A7. | S17: 1 | T17: auto-key | U17: system | V17: Missouri Learning Standards (DESE 2016); Common Core 2.NBT.A; base-ten manipulatives | W17: Ready | X17: 2026-05-22
A18: 2.NBT.A.2-B8 | B18: 2.NBT.A.2 | C18: 2 | D18: NBT | E18: Unit 1: Place Value to 1,000 | F18: G2-U1 / 2.NBT.A.2 | G18: Conceptual | H18: MC | I18: Apply | J18: Delayed B | K18: A teacher has 10 bags of stickers. Each bag holds 10 stickers. How many stickers in all, and what is that group called? | L18: 10 stickers, one ten | M18: 100 stickers, one hundred | N18: 1000 stickers, one thousand | O18: 20 stickers, two tens | P18: 100 stickers, one hundred | Q18: Ten groups of ten is ten tens, one hundred, or 100 stickers. | R18: Parallel to A8. | S18: 1 | T18: auto-key | U18: system | V18: Missouri Learning Standards (DESE 2016); Common Core 2.NBT.A; base-ten manipulatives | W18: Ready | X18: 2026-05-22
A19: 2.NBT.A.2-B9 | B19: 2.NBT.A.2 | C19: 2 | D19: NBT | E19: Unit 1: Place Value to 1,000 | F19: G2-U1 / 2.NBT.A.2 | G19: Conceptual | H19: Constructed | I19: Analyze | J19: Delayed B | K19: Leo says ten tens make one ten. Explain why Leo is wrong, and tell what ten tens really make. | P19: Must state that ten tens make one hundred (100 ones), not one ten, because bundling ten tens creates the next larger unit. | Q19: Parallel to A9. | S19: 2 | T19: rubric | U19: adult | V19: Missouri Learning Standards (DESE 2016); Common Core 2.NBT.A; base-ten manipulatives | W19: Ready | X19: 2026-05-22
A20: 2.NBT.A.3-A1 | B20: 2.NBT.A.3 | C20: 2 | D20: NBT | E20: Unit 1: Place Value to 1,000 | F20: G2-U1 / 2.NBT.A.3 | G20: Procedural | H20: MC | I20: Remember | J20: Summative A | K20: Count by tens: 340, 350, 360 ... what comes next? | L20: 370 | M20: 361 | N20: 460 | O20: 350 | P20: 370 | Q20: Counting on by ten increases the tens digit by one. | R20: 361 = added 1 not 10; 460 = added 100; 350 = repeated the last number. | S20: 1 | T20: auto-key | U20: system | V20: Missouri Learning Standards (DESE 2016); Common Core 2.NBT.A; base-ten manipulatives | W20: Ready | X20: 2026-05-22
A21: 2.NBT.A.3-A2 | B21: 2.NBT.A.3 | C21: 2 | D21: NBT | E21: Unit 1: Place Value to 1,000 | F21: G2-U1 / 2.NBT.A.3 | G21: Procedural | H21: MC | I21: Understand | J21: Summative A | K21: When you count on by ten, which digit changes? | L21: the ones | M21: the tens | N21: the hundreds | O21: none of them | P21: the tens | Q21: Adding ten changes the tens place. | R21: ones = treating +10 like +1; hundreds = confusing with +100; none = thinks the number is unchanged. | S21: 1 | T21: auto-key | U21: system | V21: Missouri Learning Standards (DESE 2016); Common Core 2.NBT.A; base-ten manipulatives | W21: Ready | X21: 2026-05-22
A22: 2.NBT.A.3-A3 | B22: 2.NBT.A.3 | C22: 2 | D22: NBT | E22: Unit 1: Place Value to 1,000 | F22: G2-U1 / 2.NBT.A.3 | G22: Procedural | H22: MC | I22: Understand | J22: Summative A | K22: Start at 23 and count by tens: 23, 33 ... what comes next? | L22: 24 | M22: 123 | N22: 43 | O22: 33 | P22: 43 | Q22: You may start a skip count at any number; by tens, 33 then 43. | R22: 24 = counted by 1; 123 = counted by 100; 33 = repeated. | S22: 1 | T22: auto-key | U22: system | V22: Missouri Learning Standards (DESE 2016); Common Core 2.NBT.A; base-ten manipulatives | W22: Ready | X22: 2026-05-22
A23: 2.NBT.A.3-A4 | B23: 2.NBT.A.3 | C23: 2 | D23: NBT | E23: Unit 1: Place Value to 1,000 | F23: G2-U1 / 2.NBT.A.3 | G23: Procedural | H23: MC | I23: Apply | J23: Summative A | K23: Count on by ten from 295: 295 ... what comes next? | L23: 296 | M23: 395 | N23: 285 | O23: 305 | P23: 305 | Q23: Nine tens plus one ten makes ten tens, which rolls into a new hundred: 305. | R23: 296 = added 1; 395 = added 100; 285 = subtracted 10. | S23: 1 | T23: auto-key | U23: system | V23: Missouri Learning Standards (DESE 2016); Common Core 2.NBT.A; base-ten manipulatives | W23: Ready | X23: 2026-05-22
A24: 2.NBT.A.3-A5 | B24: 2.NBT.A.3 | C24: 2 | D24: NBT | E24: Unit 1: Place Value to 1,000 | F24: G2-U1 / 2.NBT.A.3 | G24: Procedural | H24: MC | I24: Apply | J24: Summative A | K24: Count on by 1: 199 ... what comes next? | L24: 200 | M24: 1910 | N24: 190 | O24: 100 | P24: 200 | Q24: 199 plus 1 rolls the ones and tens over into 200. | R24: 1910 = wrote the digits side by side; 190 = went backward; 100 = unrelated. | S24: 1 | T24: auto-key | U24: system | V24: Missouri Learning Standards (DESE 2016); Common Core 2.NBT.A; base-ten manipulatives | W24: Ready | X24: 2026-05-22
A25: 2.NBT.A.3-A6 | B25: 2.NBT.A.3 | C25: 2 | D25: NBT | E25: Unit 1: Place Value to 1,000 | F25: G2-U1 / 2.NBT.A.3 | G25: Procedural | H25: MC | I25: Apply | J25: Summative A | K25: Count by hundreds: 408, 508, 608 ... what comes next? | L25: 618 | M25: 708 | N25: 4080 | O25: 508 | P25: 708 | Q25: Counting on by one hundred increases the hundreds digit by one. | R25: 618 = added 110; 4080 = wrote digits side by side; 508 = repeated. | S25: 1 | T25: auto-key | U25: system | V25: Missouri Learning Standards (DESE 2016); Common Core 2.NBT.A; base-ten manipulatives | W25: Ready | X25: 2026-05-22
A26: 2.NBT.A.3-A7 | B26: 2.NBT.A.3 | C26: 2 | D26: NBT | E26: Unit 1: Place Value to 1,000 | F26: G2-U1 / 2.NBT.A.3 | G26: Procedural | H26: MC | I26: Apply | J26: Summative A | K26: Count back by ten: 530, 520, 510 ... what comes next? | L26: 509 | M26: 410 | N26: 500 | O26: 511 | P26: 500 | Q26: Counting back by ten lowers the tens digit by one. | R26: 509 = went back by 1; 410 = back by 100; 511 = went up by 1. | S26: 1 | T26: auto-key | U26: system | V26: Missouri Learning Standards (DESE 2016); Common Core 2.NBT.A; base-ten manipulatives | W26: Ready | X26: 2026-05-22
A27: 2.NBT.A.3-A8 | B27: 2.NBT.A.3 | C27: 2 | D27: NBT | E27: Unit 1: Place Value to 1,000 | F27: G2-U1 / 2.NBT.A.3 | G27: Procedural | H27: MC | I27: Apply | J27: Summative A | K27: Count by hundreds: 690, 790, 890 ... what comes next? | L27: 900 | M27: 891 | N27: 6900 | O27: 990 | P27: 990 | Q27: Each jump adds one hundred, so after 890 comes 990, still under 1000. | R27: 900 = added 10; 891 = added 1; 6900 = wrote digits side by side. | S27: 1 | T27: auto-key | U27: system | V27: Missouri Learning Standards (DESE 2016); Common Core 2.NBT.A; base-ten manipulatives | W27: Ready | X27: 2026-05-22
A28: 2.NBT.A.3-A9 | B28: 2.NBT.A.3 | C28: 2 | D28: NBT | E28: Unit 1: Place Value to 1,000 | F28: G2-U1 / 2.NBT.A.3 | G28: Procedural | H28: Constructed | I28: Analyze | J28: Summative A | K28: Sam counts by tens from 295 and says the next number is 296. Explain why Sam is wrong and give the correct next number. | P28: Must state that counting on by ten changes the tens (not the ones), and that 295 plus 10 crosses into a new hundred, so the correct next number is 305. | Q28: Scored by rubric. Targets the +10-acts-like-+1 error and the boundary-crossing error. | S28: 2 | T28: rubric | U28: adult | V28: Missouri Learning Standards (DESE 2016); Common Core 2.NBT.A; base-ten manipulatives | W28: Ready | X28: 2026-05-22
A29: 2.NBT.A.3-B1 | B29: 2.NBT.A.3 | C29: 2 | D29: NBT | E29: Unit 1: Place Value to 1,000 | F29: G2-U1 / 2.NBT.A.3 | G29: Procedural | H29: MC | I29: Remember | J29: Delayed B | K29: Count by tens: 510, 520, 530 ... what comes next? | L29: 540 | M29: 531 | N29: 640 | O29: 520 | P29: 540 | Q29: Counting on by ten increases the tens digit by one. | R29: Parallel to A1. | S29: 1 | T29: auto-key | U29: system | V29: Missouri Learning Standards (DESE 2016); Common Core 2.NBT.A; base-ten manipulatives | W29: Ready | X29: 2026-05-22
A30: 2.NBT.A.3-B2 | B30: 2.NBT.A.3 | C30: 2 | D30: NBT | E30: Unit 1: Place Value to 1,000 | F30: G2-U1 / 2.NBT.A.3 | G30: Procedural | H30: MC | I30: Understand | J30: Delayed B | K30: When you count on by one hundred, which digit changes? | L30: the ones | M30: the hundreds | N30: the tens | O30: none of them | P30: the hundreds | Q30: Adding one hundred changes the hundreds place. | R30: Parallel to A2. | S30: 1 | T30: auto-key | U30: system | V30: Missouri Learning Standards (DESE 2016); Common Core 2.NBT.A; base-ten manipulatives | W30: Ready | X30: 2026-05-22
A31: 2.NBT.A.3-B3 | B31: 2.NBT.A.3 | C31: 2 | D31: NBT | E31: Unit 1: Place Value to 1,000 | F31: G2-U1 / 2.NBT.A.3 | G31: Procedural | H31: MC | I31: Understand | J31: Delayed B | K31: Start at 47 and count by tens: 47, 57 ... what comes next? | L31: 48 | M31: 147 | N31: 67 | O31: 57 | P31: 67 | Q31: You may start a skip count at any number; by tens, 57 then 67. | R31: Parallel to A3. | S31: 1 | T31: auto-key | U31: system | V31: Missouri Learning Standards (DESE 2016); Common Core 2.NBT.A; base-ten manipulatives | W31: Ready | X31: 2026-05-22
A32: 2.NBT.A.3-B4 | B32: 2.NBT.A.3 | C32: 2 | D32: NBT | E32: Unit 1: Place Value to 1,000 | F32: G2-U1 / 2.NBT.A.3 | G32: Procedural | H32: MC | I32: Apply | J32: Delayed B | K32: Count on by ten from 392: 392 ... what comes next? | L32: 393 | M32: 492 | N32: 302 | O32: 402 | P32: 402 | Q32: Nine tens plus one ten rolls into a new hundred: 402. | R32: Parallel to A4. | S32: 1 | T32: auto-key | U32: system | V32: Missouri Learning Standards (DESE 2016); Common Core 2.NBT.A; base-ten manipulatives | W32: Ready | X32: 2026-05-22
A33: 2.NBT.A.3-B5 | B33: 2.NBT.A.3 | C33: 2 | D33: NBT | E33: Unit 1: Place Value to 1,000 | F33: G2-U1 / 2.NBT.A.3 | G33: Procedural | H33: MC | I33: Apply | J33: Delayed B | K33: Count on by 1: 499 ... what comes next? | L33: 500 | M33: 4910 | N33: 490 | O33: 400 | P33: 500 | Q33: 499 plus 1 rolls over into 500. | R33: Parallel to A5. | S33: 1 | T33: auto-key | U33: system | V33: Missouri Learning Standards (DESE 2016); Common Core 2.NBT.A; base-ten manipulatives | W33: Ready | X33: 2026-05-22
A34: 2.NBT.A.3-B6 | B34: 2.NBT.A.3 | C34: 2 | D34: NBT | E34: Unit 1: Place Value to 1,000 | F34: G2-U1 / 2.NBT.A.3 | G34: Procedural | H34: MC | I34: Apply | J34: Delayed B | K34: Count by hundreds: 263, 363, 463 ... what comes next? | L34: 473 | M34: 563 | N34: 2630 | O34: 363 | P34: 563 | Q34: Counting on by one hundred increases the hundreds digit by one. | R34: Parallel to A6. | S34: 1 | T34: auto-key | U34: system | V34: Missouri Learning Standards (DESE 2016); Common Core 2.NBT.A; base-ten manipulatives | W34: Ready | X34: 2026-05-22
A35: 2.NBT.A.3-B7 | B35: 2.NBT.A.3 | C35: 2 | D35: NBT | E35: Unit 1: Place Value to 1,000 | F35: G2-U1 / 2.NBT.A.3 | G35: Procedural | H35: MC | I35: Apply | J35: Delayed B | K35: Count back by one hundred: 700, 600 ... what comes next? | L35: 690 | M35: 590 | N35: 500 | O35: 501 | P35: 500 | Q35: Counting back by one hundred lowers the hundreds digit by one. | R35: Parallel to A7. | S35: 1 | T35: auto-key | U35: system | V35: Missouri Learning Standards (DESE 2016); Common Core 2.NBT.A; base-ten manipulatives | W35: Ready | X35: 2026-05-22
A36: 2.NBT.A.3-B8 | B36: 2.NBT.A.3 | C36: 2 | D36: NBT | E36: Unit 1: Place Value to 1,000 | F36: G2-U1 / 2.NBT.A.3 | G36: Procedural | H36: MC | I36: Apply | J36: Delayed B | K36: Count by hundreds: 680, 780, 880 ... what comes next? | L36: 890 | M36: 881 | N36: 6800 | O36: 980 | P36: 980 | Q36: Each jump adds one hundred, so after 880 comes 980, still under 1000. | R36: Parallel to A8. | S36: 1 | T36: auto-key | U36: system | V36: Missouri Learning Standards (DESE 2016); Common Core 2.NBT.A; base-ten manipulatives | W36: Ready | X36: 2026-05-22
A37: 2.NBT.A.3-B9 | B37: 2.NBT.A.3 | C37: 2 | D37: NBT | E37: Unit 1: Place Value to 1,000 | F37: G2-U1 / 2.NBT.A.3 | G37: Procedural | H37: Constructed | I37: Analyze | J37: Delayed B | K37: Mara counts by hundreds from 408 and says the next number is 418. Explain why Mara is wrong and give the correct next number. | P37: Must state that counting on by one hundred changes the hundreds (not the tens), so the correct next number is 508. | Q37: Parallel to A9. | S37: 2 | T37: rubric | U37: adult | V37: Missouri Learning Standards (DESE 2016); Common Core 2.NBT.A; base-ten manipulatives | W37: Ready | X37: 2026-05-22
A38: 2.NBT.A.4-A1 | B38: 2.NBT.A.4 | C38: 2 | D38: NBT | E38: Unit 1: Place Value to 1,000 | F38: G2-U1 / 2.NBT.A.4 | G38: Conceptual | H38: MC | I38: Understand | J38: Summative A | K38: Which words name the number 245? | L38: two hundred forty-five | M38: two hundred fifty-four | N38: two hundred forty | O38: twenty-four five | P38: two hundred forty-five | Q38: 245 is read as two hundred forty-five. | R38: fifty-four = swapped tens and ones; forty = dropped the ones; twenty-four five = read digits separately. | S38: 1 | T38: auto-key | U38: system | V38: Missouri Learning Standards (DESE 2016); Common Core 2.NBT.A; base-ten manipulatives | W38: Ready | X38: 2026-05-22
A39: 2.NBT.A.4-A2 | B39: 2.NBT.A.4 | C39: 2 | D39: NBT | E39: Unit 1: Place Value to 1,000 | F39: G2-U1 / 2.NBT.A.4 | G39: Conceptual | H39: MC | I39: Understand | J39: Summative A | K39: Write "three hundred sixty-one" as a number. | L39: 30061 | M39: 361 | N39: 316 | O39: 3061 | P39: 361 | Q39: Three hundreds, six tens, one one is 361. | R39: 30061 = wrote pieces side by side; 316 = swapped tens and ones; 3061 = extra zero. | S39: 1 | T39: auto-key | U39: system | V39: Missouri Learning Standards (DESE 2016); Common Core 2.NBT.A; base-ten manipulatives | W39: Ready | X39: 2026-05-22
A40: 2.NBT.A.4-A3 | B40: 2.NBT.A.4 | C40: 2 | D40: NBT | E40: Unit 1: Place Value to 1,000 | F40: G2-U1 / 2.NBT.A.4 | G40: Conceptual | H40: MC | I40: Apply | J40: Summative A | K40: Write "seven hundred four" as a number. | L40: 74 | M40: 7004 | N40: 704 | O40: 740 | P40: 704 | Q40: No tens, so a 0 holds the tens place: 704. | R40: 74 = dropped the hundreds zero; 7004 = wrote pieces side by side; 740 = put the 4 in the wrong place. | S40: 1 | T40: auto-key | U40: system | V40: Missouri Learning Standards (DESE 2016); Common Core 2.NBT.A; base-ten manipulatives | W40: Ready | X40: 2026-05-22
A41: 2.NBT.A.4-A4 | B41: 2.NBT.A.4 | C41: 2 | D41: NBT | E41: Unit 1: Place Value to 1,000 | F41: G2-U1 / 2.NBT.A.4 | G41: Conceptual | H41: MC | I41: Understand | J41: Summative A | K41: Which is the expanded form of 583? | L41: 5 + 8 + 3 | M41: 500 + 8 + 3 | N41: 50 + 80 + 3 | O41: 500 + 80 + 3 | P41: 500 + 80 + 3 | Q41: Each digit is written as the value of its place. | R41: face digits; 8 not 80; 5 not 500. | S41: 1 | T41: auto-key | U41: system | V41: Missouri Learning Standards (DESE 2016); Common Core 2.NBT.A; base-ten manipulatives | W41: Ready | X41: 2026-05-22
A42: 2.NBT.A.4-A5 | B42: 2.NBT.A.4 | C42: 2 | D42: NBT | E42: Unit 1: Place Value to 1,000 | F42: G2-U1 / 2.NBT.A.4 | G42: Conceptual | H42: MC | I42: Apply | J42: Summative A | K42: Which number is the same as 200 + 50 + 9? | L42: 259 | M42: 2509 | N42: 295 | O42: 2059 | P42: 259 | Q42: Two hundreds, five tens, nine ones is 259. | R42: 2509 = wrote pieces side by side; 295 = swapped; 2059 = extra zero. | S42: 1 | T42: auto-key | U42: system | V42: Missouri Learning Standards (DESE 2016); Common Core 2.NBT.A; base-ten manipulatives | W42: Ready | X42: 2026-05-22
A43: 2.NBT.A.4-A6 | B43: 2.NBT.A.4 | C43: 2 | D43: NBT | E43: Unit 1: Place Value to 1,000 | F43: G2-U1 / 2.NBT.A.4 | G43: Conceptual | H43: MC | I43: Apply | J43: Summative A | K43: Which number is the same as 600 + 4? | L43: 64 | M43: 604 | N43: 640 | O43: 6004 | P43: 604 | Q43: Six hundreds and four ones, no tens, is 604. | R43: 64 = dropped the hundreds; 640 = 4 in wrong place; 6004 = wrote pieces side by side. | S43: 1 | T43: auto-key | U43: system | V43: Missouri Learning Standards (DESE 2016); Common Core 2.NBT.A; base-ten manipulatives | W43: Ready | X43: 2026-05-22
A44: 2.NBT.A.4-A7 | B44: 2.NBT.A.4 | C44: 2 | D44: NBT | E44: Unit 1: Place Value to 1,000 | F44: G2-U1 / 2.NBT.A.4 | G44: Conceptual | H44: MC | I44: Analyze | J44: Summative A | K44: Which is the expanded form of 470? | L44: 400 + 7 | M44: 4 + 70 | N44: 400 + 70 | O44: 47 | P44: 400 + 70 | Q44: 470 is four hundreds and seven tens, with no ones. | R44: 400 + 7 = ones not tens; 4 + 70 = undervalued hundreds; 47 = not expanded. | S44: 1 | T44: auto-key | U44: system | V44: Missouri Learning Standards (DESE 2016); Common Core 2.NBT.A; base-ten manipulatives | W44: Ready | X44: 2026-05-22
A45: 2.NBT.A.4-A8 | B45: 2.NBT.A.4 | C45: 2 | D45: NBT | E45: Unit 1: Place Value to 1,000 | F45: G2-U1 / 2.NBT.A.4 | G45: Conceptual | H45: MC | I45: Apply | J45: Summative A | K45: A sign reads "six hundred thirty". Write it as a number. | L45: 6030 | M45: 63 | N45: 603 | O45: 630 | P45: 630 | Q45: Six hundreds, three tens, no ones is 630. | R45: 6030 = wrote pieces side by side; 63 = dropped a place; 603 = swapped tens and ones. | S45: 1 | T45: auto-key | U45: system | V45: Missouri Learning Standards (DESE 2016); Common Core 2.NBT.A; base-ten manipulatives | W45: Ready | X45: 2026-05-22
A46: 2.NBT.A.4-A9 | B46: 2.NBT.A.4 | C46: 2 | D46: NBT | E46: Unit 1: Place Value to 1,000 | F46: G2-U1 / 2.NBT.A.4 | G46: Conceptual | H46: Constructed | I46: Analyze | J46: Summative A | K46: Jordan writes "four hundred nine" as 4009. Explain why Jordan is wrong and write the correct number. | P46: Must state that there are no tens, so a single 0 holds the tens place, and the number is 409 (the hundred is not written as 400 with a 9 added on). | Q46: Scored by rubric. Targets the concatenation and zero-placeholder errors. | S46: 2 | T46: rubric | U46: adult | V46: Missouri Learning Standards (DESE 2016); Common Core 2.NBT.A; base-ten manipulatives | W46: Ready | X46: 2026-05-22
A47: 2.NBT.A.4-B1 | B47: 2.NBT.A.4 | C47: 2 | D47: NBT | E47: Unit 1: Place Value to 1,000 | F47: G2-U1 / 2.NBT.A.4 | G47: Conceptual | H47: MC | I47: Understand | J47: Delayed B | K47: Which words name the number 372? | L47: three hundred seventy-two | M47: three hundred twenty-seven | N47: three hundred seventy | O47: thirty-seven two | P47: three hundred seventy-two | Q47: 372 is read as three hundred seventy-two. | R47: Parallel to A1. | S47: 1 | T47: auto-key | U47: system | V47: Missouri Learning Standards (DESE 2016); Common Core 2.NBT.A; base-ten manipulatives | W47: Ready | X47: 2026-05-22
A48: 2.NBT.A.4-B2 | B48: 2.NBT.A.4 | C48: 2 | D48: NBT | E48: Unit 1: Place Value to 1,000 | F48: G2-U1 / 2.NBT.A.4 | G48: Conceptual | H48: MC | I48: Understand | J48: Delayed B | K48: Write "five hundred forty-eight" as a number. | L48: 50048 | M48: 548 | N48: 584 | O48: 5048 | P48: 548 | Q48: Five hundreds, four tens, eight ones is 548. | R48: Parallel to A2. | S48: 1 | T48: auto-key | U48: system | V48: Missouri Learning Standards (DESE 2016); Common Core 2.NBT.A; base-ten manipulatives | W48: Ready | X48: 2026-05-22
A49: 2.NBT.A.4-B3 | B49: 2.NBT.A.4 | C49: 2 | D49: NBT | E49: Unit 1: Place Value to 1,000 | F49: G2-U1 / 2.NBT.A.4 | G49: Conceptual | H49: MC | I49: Apply | J49: Delayed B | K49: Write "three hundred two" as a number. | L49: 32 | M49: 3002 | N49: 302 | O49: 320 | P49: 302 | Q49: No tens, so a 0 holds the tens place: 302. | R49: Parallel to A3. | S49: 1 | T49: auto-key | U49: system | V49: Missouri Learning Standards (DESE 2016); Common Core 2.NBT.A; base-ten manipulatives | W49: Ready | X49: 2026-05-22
A50: 2.NBT.A.4-B4 | B50: 2.NBT.A.4 | C50: 2 | D50: NBT | E50: Unit 1: Place Value to 1,000 | F50: G2-U1 / 2.NBT.A.4 | G50: Conceptual | H50: MC | I50: Understand | J50: Delayed B | K50: Which is the expanded form of 916? | L50: 9 + 1 + 6 | M50: 900 + 1 + 6 | N50: 90 + 10 + 6 | O50: 900 + 10 + 6 | P50: 900 + 10 + 6 | Q50: Each digit is written as the value of its place. | R50: Parallel to A4. | S50: 1 | T50: auto-key | U50: system | V50: Missouri Learning Standards (DESE 2016); Common Core 2.NBT.A; base-ten manipulatives | W50: Ready | X50: 2026-05-22
A51: 2.NBT.A.4-B5 | B51: 2.NBT.A.4 | C51: 2 | D51: NBT | E51: Unit 1: Place Value to 1,000 | F51: G2-U1 / 2.NBT.A.4 | G51: Conceptual | H51: MC | I51: Apply | J51: Delayed B | K51: Which number is the same as 400 + 30 + 7? | L51: 437 | M51: 4307 | N51: 473 | O51: 4037 | P51: 437 | Q51: Four hundreds, three tens, seven ones is 437. | R51: Parallel to A5. | S51: 1 | T51: auto-key | U51: system | V51: Missouri Learning Standards (DESE 2016); Common Core 2.NBT.A; base-ten manipulatives | W51: Ready | X51: 2026-05-22
A52: 2.NBT.A.4-B6 | B52: 2.NBT.A.4 | C52: 2 | D52: NBT | E52: Unit 1: Place Value to 1,000 | F52: G2-U1 / 2.NBT.A.4 | G52: Conceptual | H52: MC | I52: Apply | J52: Delayed B | K52: Which number is the same as 800 + 5? | L52: 85 | M52: 805 | N52: 850 | O52: 8005 | P52: 805 | Q52: Eight hundreds and five ones, no tens, is 805. | R52: Parallel to A6. | S52: 1 | T52: auto-key | U52: system | V52: Missouri Learning Standards (DESE 2016); Common Core 2.NBT.A; base-ten manipulatives | W52: Ready | X52: 2026-05-22
A53: 2.NBT.A.4-B7 | B53: 2.NBT.A.4 | C53: 2 | D53: NBT | E53: Unit 1: Place Value to 1,000 | F53: G2-U1 / 2.NBT.A.4 | G53: Conceptual | H53: MC | I53: Analyze | J53: Delayed B | K53: Which is the expanded form of 360? | L53: 300 + 6 | M53: 3 + 6 | N53: 300 + 60 | O53: 360 | P53: 300 + 60 | Q53: 360 is three hundreds and six tens, with no ones. | R53: Parallel to A7. | S53: 1 | T53: auto-key | U53: system | V53: Missouri Learning Standards (DESE 2016); Common Core 2.NBT.A; base-ten manipulatives | W53: Ready | X53: 2026-05-22
A54: 2.NBT.A.4-B8 | B54: 2.NBT.A.4 | C54: 2 | D54: NBT | E54: Unit 1: Place Value to 1,000 | F54: G2-U1 / 2.NBT.A.4 | G54: Conceptual | H54: MC | I54: Apply | J54: Delayed B | K54: A page number reads "two hundred ninety". Write it as a number. | L54: 2090 | M54: 29 | N54: 209 | O54: 290 | P54: 290 | Q54: Two hundreds, nine tens, no ones is 290. | R54: Parallel to A8. | S54: 1 | T54: auto-key | U54: system | V54: Missouri Learning Standards (DESE 2016); Common Core 2.NBT.A; base-ten manipulatives | W54: Ready | X54: 2026-05-22
A55: 2.NBT.A.4-B9 | B55: 2.NBT.A.4 | C55: 2 | D55: NBT | E55: Unit 1: Place Value to 1,000 | F55: G2-U1 / 2.NBT.A.4 | G55: Conceptual | H55: Constructed | I55: Analyze | J55: Delayed B | K55: Priya writes the number six hundred (600) in expanded form as 6 + 0 + 0. Explain why that is wrong and write a correct way to show 600. | P55: Must state that the 6 is in the hundreds place and is worth 600, so the expanded form is 600 (six hundreds), not 6; the value comes from the place. | Q55: Parallel to A9. | S55: 2 | T55: rubric | U55: adult | V55: Missouri Learning Standards (DESE 2016); Common Core 2.NBT.A; base-ten manipulatives | W55: Ready | X55: 2026-05-22
A56: 2.NBT.A.5-A1 | B56: 2.NBT.A.5 | C56: 2 | D56: NBT | E56: Unit 1: Place Value to 1,000 | F56: G2-U1 / 2.NBT.A.5 | G56: Conceptual | H56: MC | I56: Understand | J56: Summative A | K56: Which symbol means "greater than"? | L56: > | M56: < | N56: = | O56: + | P56: > | Q56: The greater-than symbol is >, with the open side toward the larger number. | R56: < = less than; = means equal; + is an operation, not a comparison. | S56: 1 | T56: auto-key | U56: system | V56: Missouri Learning Standards (DESE 2016); Common Core 2.NBT.A; base-ten manipulatives | W56: Ready | X56: 2026-05-22
A57: 2.NBT.A.5-A2 | B57: 2.NBT.A.5 | C57: 2 | D57: NBT | E57: Unit 1: Place Value to 1,000 | F57: G2-U1 / 2.NBT.A.5 | G57: Conceptual | H57: MC | I57: Apply | J57: Summative A | K57: Which symbol makes this true? 318 ? 281 | L57: = | M57: > | N57: < | P57: > | Q57: Compare the hundreds first: 3 hundreds beats 2 hundreds, so 318 is greater. | R57: < = read it backward; = = treated them as equal. | S57: 1 | T57: auto-key | U57: system | V57: Missouri Learning Standards (DESE 2016); Common Core 2.NBT.A; base-ten manipulatives | W57: Ready | X57: 2026-05-22
A58: 2.NBT.A.5-A3 | B58: 2.NBT.A.5 | C58: 2 | D58: NBT | E58: Unit 1: Place Value to 1,000 | F58: G2-U1 / 2.NBT.A.5 | G58: Conceptual | H58: MC | I58: Apply | J58: Summative A | K58: Which symbol makes this true? 627 ? 672 | L58: > | M58: = | N58: < | P58: < | Q58: Hundreds tie, so compare tens: 2 tens is less than 7 tens, so 627 is less. | R58: > = compared by ones or backward; = = treated as equal. | S58: 1 | T58: auto-key | U58: system | V58: Missouri Learning Standards (DESE 2016); Common Core 2.NBT.A; base-ten manipulatives | W58: Ready | X58: 2026-05-22
A59: 2.NBT.A.5-A4 | B59: 2.NBT.A.5 | C59: 2 | D59: NBT | E59: Unit 1: Place Value to 1,000 | F59: G2-U1 / 2.NBT.A.5 | G59: Conceptual | H59: MC | I59: Apply | J59: Summative A | K59: Which symbol makes this true? 453 ? 459 | L59: < | M59: > | N59: = | P59: < | Q59: Hundreds and tens tie, so compare ones: 3 is less than 9. | R59: > = read it backward; = = ignored the ones. | S59: 1 | T59: auto-key | U59: system | V59: Missouri Learning Standards (DESE 2016); Common Core 2.NBT.A; base-ten manipulatives | W59: Ready | X59: 2026-05-22
A60: 2.NBT.A.5-A5 | B60: 2.NBT.A.5 | C60: 2 | D60: NBT | E60: Unit 1: Place Value to 1,000 | F60: G2-U1 / 2.NBT.A.5 | G60: Conceptual | H60: MC | I60: Apply | J60: Summative A | K60: Which symbol makes this true? 500 ? 500 | L60: > | M60: = | N60: < | P60: = | Q60: Every place matches, so the numbers are equal. | R60: > and < = thinks two numbers cannot be equal. | S60: 1 | T60: auto-key | U60: system | V60: Missouri Learning Standards (DESE 2016); Common Core 2.NBT.A; base-ten manipulatives | W60: Ready | X60: 2026-05-22
A61: 2.NBT.A.5-A6 | B61: 2.NBT.A.5 | C61: 2 | D61: NBT | E61: Unit 1: Place Value to 1,000 | F61: G2-U1 / 2.NBT.A.5 | G61: Conceptual | H61: MC | I61: Analyze | J61: Summative A | K61: Which number is greater, 84 or 408? | L61: 84 | M61: they are equal | N61: 408 | P61: 408 | Q61: 408 has a hundreds digit; 84 has none, so 408 is greater. | R61: 84 = chose the larger single digit; equal = ignored place value. | S61: 1 | T61: auto-key | U61: system | V61: Missouri Learning Standards (DESE 2016); Common Core 2.NBT.A; base-ten manipulatives | W61: Ready | X61: 2026-05-22
A62: 2.NBT.A.5-A7 | B62: 2.NBT.A.5 | C62: 2 | D62: NBT | E62: Unit 1: Place Value to 1,000 | F62: G2-U1 / 2.NBT.A.5 | G62: Conceptual | H62: MC | I62: Analyze | J62: Summative A | K62: Which number is the greatest? | L62: 390 | M62: 309 | N62: 93 | P62: 390 | Q62: Compare hundreds first: 309 and 390 tie at 3 hundreds, then 9 tens beats 0 tens; 93 has no hundreds. | R62: 309 = compared by ones; 93 = chose by a large single digit. | S62: 1 | T62: auto-key | U62: system | V62: Missouri Learning Standards (DESE 2016); Common Core 2.NBT.A; base-ten manipulatives | W62: Ready | X62: 2026-05-22
A63: 2.NBT.A.5-A8 | B63: 2.NBT.A.5 | C63: 2 | D63: NBT | E63: Unit 1: Place Value to 1,000 | F63: G2-U1 / 2.NBT.A.5 | G63: Conceptual | H63: MC | I63: Analyze | J63: Summative A | K63: To compare 463 and 459, which place decides the answer? | L63: hundreds | M63: tens | N63: ones | P63: tens | Q63: Hundreds tie at 4, so the tens place (6 versus 5) decides it. | R63: hundreds = they tie; ones = you stop before reaching the ones. | S63: 1 | T63: auto-key | U63: system | V63: Missouri Learning Standards (DESE 2016); Common Core 2.NBT.A; base-ten manipulatives | W63: Ready | X63: 2026-05-22
A64: 2.NBT.A.5-A9 | B64: 2.NBT.A.5 | C64: 2 | D64: NBT | E64: Unit 1: Place Value to 1,000 | F64: G2-U1 / 2.NBT.A.5 | G64: Conceptual | H64: Constructed | I64: Analyze | J64: Summative A | K64: Dana says 281 is greater than 318 because 8 is bigger than 1. Explain why Dana is wrong and tell which number is actually greater. | P64: Must state that you compare the hundreds first, where 3 hundreds beats 2 hundreds, so 318 is greater; a bigger tens digit cannot beat a bigger hundreds digit. | Q64: Scored by rubric. Targets the compare-by-single-digit error. | S64: 2 | T64: rubric | U64: adult | V64: Missouri Learning Standards (DESE 2016); Common Core 2.NBT.A; base-ten manipulatives | W64: Ready | X64: 2026-05-22
A65: 2.NBT.A.5-B1 | B65: 2.NBT.A.5 | C65: 2 | D65: NBT | E65: Unit 1: Place Value to 1,000 | F65: G2-U1 / 2.NBT.A.5 | G65: Conceptual | H65: MC | I65: Understand | J65: Delayed B | K65: Which symbol means "less than"? | L65: < | M65: > | N65: = | O65: - | P65: < | Q65: The less-than symbol is <, with the open side toward the larger number. | R65: > = greater than; = means equal; - is an operation, not a comparison. | S65: 1 | T65: auto-key | U65: system | V65: Missouri Learning Standards (DESE 2016); Common Core 2.NBT.A; base-ten manipulatives | W65: Ready | X65: 2026-05-22
A66: 2.NBT.A.5-B2 | B66: 2.NBT.A.5 | C66: 2 | D66: NBT | E66: Unit 1: Place Value to 1,000 | F66: G2-U1 / 2.NBT.A.5 | G66: Conceptual | H66: MC | I66: Apply | J66: Delayed B | K66: Which symbol makes this true? 540 ? 480 | L66: > | M66: = | N66: < | P66: > | Q66: Compare the hundreds first: 5 hundreds beats 4 hundreds. | R66: Parallel to A2. | S66: 1 | T66: auto-key | U66: system | V66: Missouri Learning Standards (DESE 2016); Common Core 2.NBT.A; base-ten manipulatives | W66: Ready | X66: 2026-05-22
A67: 2.NBT.A.5-B3 | B67: 2.NBT.A.5 | C67: 2 | D67: NBT | E67: Unit 1: Place Value to 1,000 | F67: G2-U1 / 2.NBT.A.5 | G67: Conceptual | H67: MC | I67: Apply | J67: Delayed B | K67: Which symbol makes this true? 239 ? 241 | L67: > | M67: < | N67: = | P67: < | Q67: Hundreds tie, so compare tens: 3 tens is less than 4 tens. | R67: Parallel to A3. | S67: 1 | T67: auto-key | U67: system | V67: Missouri Learning Standards (DESE 2016); Common Core 2.NBT.A; base-ten manipulatives | W67: Ready | X67: 2026-05-22
A68: 2.NBT.A.5-B4 | B68: 2.NBT.A.5 | C68: 2 | D68: NBT | E68: Unit 1: Place Value to 1,000 | F68: G2-U1 / 2.NBT.A.5 | G68: Conceptual | H68: MC | I68: Apply | J68: Delayed B | K68: Which symbol makes this true? 716 ? 712 | L68: = | M68: < | N68: > | P68: > | Q68: Hundreds and tens tie, so compare ones: 6 is greater than 2. | R68: Parallel to A4. | S68: 1 | T68: auto-key | U68: system | V68: Missouri Learning Standards (DESE 2016); Common Core 2.NBT.A; base-ten manipulatives | W68: Ready | X68: 2026-05-22
A69: 2.NBT.A.5-B5 | B69: 2.NBT.A.5 | C69: 2 | D69: NBT | E69: Unit 1: Place Value to 1,000 | F69: G2-U1 / 2.NBT.A.5 | G69: Conceptual | H69: MC | I69: Apply | J69: Delayed B | K69: Which symbol makes this true? 730 ? 730 | L69: = | M69: > | N69: < | P69: = | Q69: Every place matches, so the numbers are equal. | R69: Parallel to A5. | S69: 1 | T69: auto-key | U69: system | V69: Missouri Learning Standards (DESE 2016); Common Core 2.NBT.A; base-ten manipulatives | W69: Ready | X69: 2026-05-22
A70: 2.NBT.A.5-B6 | B70: 2.NBT.A.5 | C70: 2 | D70: NBT | E70: Unit 1: Place Value to 1,000 | F70: G2-U1 / 2.NBT.A.5 | G70: Conceptual | H70: MC | I70: Analyze | J70: Delayed B | K70: Which number is greater, 92 or 207? | L70: 92 | M70: 207 | N70: they are equal | P70: 207 | Q70: 207 has a hundreds digit; 92 has none, so 207 is greater. | R70: Parallel to A6. | S70: 1 | T70: auto-key | U70: system | V70: Missouri Learning Standards (DESE 2016); Common Core 2.NBT.A; base-ten manipulatives | W70: Ready | X70: 2026-05-22
A71: 2.NBT.A.5-B7 | B71: 2.NBT.A.5 | C71: 2 | D71: NBT | E71: Unit 1: Place Value to 1,000 | F71: G2-U1 / 2.NBT.A.5 | G71: Conceptual | H71: MC | I71: Analyze | J71: Delayed B | K71: Which number is the greatest? | L71: 405 | M71: 54 | N71: 450 | P71: 450 | Q71: 405 and 450 tie at 4 hundreds, then 5 tens beats 0 tens; 54 has no hundreds. | R71: Parallel to A7. | S71: 1 | T71: auto-key | U71: system | V71: Missouri Learning Standards (DESE 2016); Common Core 2.NBT.A; base-ten manipulatives | W71: Ready | X71: 2026-05-22
A72: 2.NBT.A.5-B8 | B72: 2.NBT.A.5 | C72: 2 | D72: NBT | E72: Unit 1: Place Value to 1,000 | F72: G2-U1 / 2.NBT.A.5 | G72: Conceptual | H72: MC | I72: Analyze | J72: Delayed B | K72: To compare 826 and 829, which place decides the answer? | L72: ones | M72: hundreds | N72: tens | P72: ones | Q72: Hundreds and tens tie, so the ones place (6 versus 9) decides it. | R72: Parallel to A8. | S72: 1 | T72: auto-key | U72: system | V72: Missouri Learning Standards (DESE 2016); Common Core 2.NBT.A; base-ten manipulatives | W72: Ready | X72: 2026-05-22
A73: 2.NBT.A.5-B9 | B73: 2.NBT.A.5 | C73: 2 | D73: NBT | E73: Unit 1: Place Value to 1,000 | F73: G2-U1 / 2.NBT.A.5 | G73: Conceptual | H73: Constructed | I73: Analyze | J73: Delayed B | K73: Eli says 627 is greater than 672 because both start with 6 and 7 appears in 627. Explain why Eli is wrong and tell which number is greater. | P73: Must state that after the equal hundreds you compare the tens: 2 tens is less than 7 tens, so 672 is greater than 627. | Q73: Parallel to A9. | S73: 2 | T73: rubric | U73: adult | V73: Missouri Learning Standards (DESE 2016); Common Core 2.NBT.A; base-ten manipulatives | W73: Ready | X73: 2026-05-22
A74: 2.NBT.A.2-PT | B74: 2.NBT.A.2 | C74: 2 | D74: NBT | E74: Unit 1: Place Value to 1,000 | F74: G2-U1 / 2.NBT.A.2 | G74: Conceptual | H74: Performance | I74: Apply / Analyze | J74: Performance task | K74: Using base-ten rods, show that ten tens make one hundred: build ten tens, then trade them for one hundred flat, and explain the trade. | P74: See rubric | Q74: Proficient: builds ten tens, recognizes the bundle equals one hundred, and explains that 100 is 10 tens. | R74: Critical defect: treats one hundred as ten ones, or cannot explain the ten-tens bundle. | S74: 4 | T74: rubric | U74: adult | V74: Missouri Learning Standards (DESE 2016); Common Core 2.NBT.A; base-ten manipulatives | W74: Ready | X74: 2026-05-22
A75: 2.NBT.A.3-PT | B75: 2.NBT.A.3 | C75: 2 | D75: NBT | E75: Unit 1: Place Value to 1,000 | F75: G2-U1 / 2.NBT.A.3 | G75: Procedural | H75: Performance | I75: Apply / Analyze | J75: Performance task | K75: From a teacher-given start number, count on by tens five times and on by ones across a hundred, aloud; then count back by tens. | P75: See rubric | Q75: Proficient: starts at the given number, increments the right place, crosses ten and hundred boundaries cleanly, counts both directions. | R75: Critical defect: digit concatenation at a boundary (1910 after 199) or changing the wrong place each step. | S75: 4 | T75: rubric | U75: adult | V75: Missouri Learning Standards (DESE 2016); Common Core 2.NBT.A; base-ten manipulatives | W75: Ready | X75: 2026-05-22
A76: 2.NBT.A.4-PT | B76: 2.NBT.A.4 | C76: 2 | D76: NBT | E76: Unit 1: Place Value to 1,000 | F76: G2-U1 / 2.NBT.A.4 | G76: Conceptual | H76: Performance | I76: Apply / Analyze | J76: Performance task | K76: For a teacher-given number, produce the numeral, the number name, the expanded form, and the base-ten blocks, including a zero place. | P76: See rubric | Q76: Proficient: all four forms correct, zero placeholder handled (506 not 56), expanded form uses place values. | R76: Critical defect: concatenation (4009 for four hundred nine), dropped zero, or face-value expanded form. | S76: 4 | T76: rubric | U76: adult | V76: Missouri Learning Standards (DESE 2016); Common Core 2.NBT.A; base-ten manipulatives | W76: Ready | X76: 2026-05-22
A77: 2.NBT.A.5-PT | B77: 2.NBT.A.5 | C77: 2 | D77: NBT | E77: Unit 1: Place Value to 1,000 | F77: G2-U1 / 2.NBT.A.5 | G77: Conceptual | H77: Performance | I77: Apply / Analyze | J77: Performance task | K77: Build two three-digit numbers, compare them place by place from the hundreds, write the correct symbol, and name the deciding place. | P77: See rubric | Q77: Proficient: compares from the hundreds, records the correct symbol, names the deciding place, resists the face-value trap. | R77: Critical defect: comparing by a single digit instead of by place (281 over 318 because 8 over 1). | S77: 4 | T77: rubric | U77: adult | V77: Missouri Learning Standards (DESE 2016); Common Core 2.NBT.A; base-ten manipulatives | W77: Ready | X77: 2026-05-22
A78: 2.NBT.A.1-A1 | B78: 2.NBT.A.1 | C78: 2 | D78: NBT | E78: Unit 1: Place Value to 1,000 | F78: G2-U1 / 2.NBT.A.1 | G78: Conceptual | H78: MC | I78: Understand | J78: Lesson practice | K78: Which digit is in the hundreds place of 483? | L78: 3 | M78: 8 | N78: 4 | P78: 4 | Q78: The leftmost digit of a three-digit number is the hundreds. | R78: Picks the ones or tens digit by reading position carelessly. | S78: 1 | T78: auto-key | U78: system | V78: Missouri Learning Standards (DESE 2016); Common Core 2.NBT.A; base-ten manipulatives | W78: Ready | X78: 2026-05-22
A79: 2.NBT.A.1-A2 | B79: 2.NBT.A.1 | C79: 2 | D79: NBT | E79: Unit 1: Place Value to 1,000 | F79: G2-U1 / 2.NBT.A.1 | G79: Conceptual | H79: MC | I79: Understand | J79: Lesson practice | K79: What is the value of the 8 in 685? | L79: 8 | M79: 80 | N79: 800 | P79: 80 | Q79: The 8 sits in the tens place, so it is worth 80. | R79: Face value (8); over-counts the place (800). | S79: 1 | T79: auto-key | U79: system | V79: Missouri Learning Standards (DESE 2016); Common Core 2.NBT.A; base-ten manipulatives | W79: Ready | X79: 2026-05-22
A80: 2.NBT.A.1-A3 | B80: 2.NBT.A.1 | C80: 2 | D80: NBT | E80: Unit 1: Place Value to 1,000 | F80: G2-U1 / 2.NBT.A.1 | G80: Conceptual | H80: MC | I80: Apply | J80: Lesson mastery | K80: A number has 3 hundreds, 4 tens, and 2 ones. What is the number? | L80: 342 | M80: 324 | N80: 3402 | P80: 342 | Q80: Hundreds, then tens, then ones: 342. | R80: Swaps tens and ones (324); writes pieces side by side (3402). | S80: 1 | T80: auto-key | U80: system | V80: Missouri Learning Standards (DESE 2016); Common Core 2.NBT.A; base-ten manipulatives | W80: Ready | X80: 2026-05-22
A81: 2.NBT.A.1-A4 | B81: 2.NBT.A.1 | C81: 2 | D81: NBT | E81: Unit 1: Place Value to 1,000 | F81: G2-U1 / 2.NBT.A.1 | G81: Conceptual | H81: MC | I81: Apply | J81: Lesson mastery | K81: Which number is built from 5 hundreds, 0 tens, and 9 ones? | L81: 59 | M81: 509 | N81: 590 | P81: 509 | Q81: A 0 holds the empty tens place: 509. | R81: Drops the zero (59); misplaces the zero (590). | S81: 1 | T81: auto-key | U81: system | V81: Missouri Learning Standards (DESE 2016); Common Core 2.NBT.A; base-ten manipulatives | W81: Ready | X81: 2026-05-22
A82: 2.NBT.A.1-A5 | B82: 2.NBT.A.1 | C82: 2 | D82: NBT | E82: Unit 1: Place Value to 1,000 | F82: G2-U1 / 2.NBT.A.1 | G82: Conceptual | H82: MC | I82: Understand | J82: Lesson mastery | K82: In 716, how many are in the tens place? | L82: 1 ten | M82: 7 tens | N82: 6 tens | P82: 1 ten | Q82: The tens digit of 716 is 1. | R82: Reads the hundreds (7) or ones (6) instead of the tens. | S82: 1 | T82: auto-key | U82: system | V82: Missouri Learning Standards (DESE 2016); Common Core 2.NBT.A; base-ten manipulatives | W82: Ready | X82: 2026-05-22
A83: 2.NBT.A.1-A6 | B83: 2.NBT.A.1 | C83: 2 | D83: NBT | E83: Unit 1: Place Value to 1,000 | F83: G2-U1 / 2.NBT.A.1 | G83: Conceptual | H83: MC | I83: Understand | J83: Lesson practice | K83: Which shows 274 as hundreds, tens, and ones? | L83: 2 hundreds, 7 tens, 4 ones | M83: 2 hundreds, 4 tens, 7 ones | N83: 27 tens, 4 ones | P83: 2 hundreds, 7 tens, 4 ones | Q83: Each digit names the count in its place. | R83: Swaps tens and ones; merges hundreds and tens. | S83: 1 | T83: auto-key | U83: system | V83: Missouri Learning Standards (DESE 2016); Common Core 2.NBT.A; base-ten manipulatives | W83: Ready | X83: 2026-05-22
A84: 2.NBT.A.1-A7 | B84: 2.NBT.A.1 | C84: 2 | D84: NBT | E84: Unit 1: Place Value to 1,000 | F84: G2-U1 / 2.NBT.A.1 | G84: Conceptual | H84: MC | I84: Apply | J84: Decode game | K84: A vault leaves 6 hundreds, 2 tens, and 8 ones. What is the number? | L84: 628 | M84: 682 | N84: 6208 | P84: 628 | Q84: Read the evidence by place: 628. | R84: Swaps tens and ones (682); concatenates (6208). | S84: 1 | T84: auto-key | U84: system | V84: Missouri Learning Standards (DESE 2016); Common Core 2.NBT.A; base-ten manipulatives | W84: Ready | X84: 2026-05-22
A85: 2.NBT.A.1-A8 | B85: 2.NBT.A.1 | C85: 2 | D85: NBT | E85: Unit 1: Place Value to 1,000 | F85: G2-U1 / 2.NBT.A.1 | G85: Conceptual | H85: Constructed | I85: Analyze | J85: Summative A | K85: Mia says the 4 in 472 is worth 4. Explain her mistake and tell what it is really worth. | P85: See rubric | Q85: Must state the 4 is in the hundreds place and is worth 400, not 4; value comes from place. | R85: Face-value error: judging a digit by its symbol, not its place. | S85: 2 | T85: rubric | U85: adult | V85: Missouri Learning Standards (DESE 2016); Common Core 2.NBT.A; base-ten manipulatives | W85: Ready | X85: 2026-05-22
A86: 2.NBT.A.1-PT | B86: 2.NBT.A.1 | C86: 2 | D86: NBT | E86: Unit 1: Place Value to 1,000 | F86: G2-U1 / 2.NBT.A.1 | G86: Conceptual | H86: Performance | I86: Apply / Analyze | J86: Performance task | K86: With base-ten blocks, build a three-digit number an adult names, then say what each digit is worth by its place. | P86: See rubric | Q86: Proficient: builds the correct amount and names each digit value by place, including a zero place. | R86: Critical defect: naming a digit by its face value rather than its place. | S86: 4 | T86: rubric | U86: adult | V86: Missouri Learning Standards (DESE 2016); Common Core 2.NBT.A; base-ten manipulatives | W86: Ready | X86: 2026-05-22
A87: CAP-01 (2.NBT.A.1) | B87: 2.NBT.A.1 | C87: 2 | D87: NBT | E87: Unit 1: Place Value to 1,000 | F87: G2-U1 / Capstone | G87: Conceptual | H87: MC | I87: Mixed | J87: Capstone | K87: What is the value of the 7 in 472? | L87: 7 | M87: 70 | N87: 700 | P87: 70 | Q87: The 7 is in the tens place. | R87: Face value; over-count. | S87: 1 | T87: auto-key | U87: system | V87: Missouri Learning Standards (DESE 2016); Common Core 2.NBT.A; base-ten manipulatives | W87: Ready | X87: 2026-05-22
A88: CAP-02 (2.NBT.A.1) | B88: 2.NBT.A.1 | C88: 2 | D88: NBT | E88: Unit 1: Place Value to 1,000 | F88: G2-U1 / Capstone | G88: Conceptual | H88: MC | I88: Mixed | J88: Capstone | K88: A number is 5 hundreds, 0 tens, and 8 ones. What is the number? | L88: 58 | M88: 508 | N88: 580 | P88: 508 | Q88: A 0 holds the empty tens place. | R88: Dropped or misplaced zero. | S88: 1 | T88: auto-key | U88: system | V88: Missouri Learning Standards (DESE 2016); Common Core 2.NBT.A; base-ten manipulatives | W88: Ready | X88: 2026-05-22
A89: CAP-03 (2.NBT.A.2) | B89: 2.NBT.A.2 | C89: 2 | D89: NBT | E89: Unit 1: Place Value to 1,000 | F89: G2-U1 / Capstone | G89: Conceptual | H89: MC | I89: Mixed | J89: Capstone | K89: 100 is the same as how many tens? | L89: 1 | M89: 10 | N89: 100 | P89: 10 | Q89: One hundred is ten tens. | R89: Confuses tens with ones or hundreds. | S89: 1 | T89: auto-key | U89: system | V89: Missouri Learning Standards (DESE 2016); Common Core 2.NBT.A; base-ten manipulatives | W89: Ready | X89: 2026-05-22
A90: CAP-04 (2.NBT.A.2) | B90: 2.NBT.A.2 | C90: 2 | D90: NBT | E90: Unit 1: Place Value to 1,000 | F90: G2-U1 / Capstone | G90: Conceptual | H90: MC | I90: Mixed | J90: Capstone | K90: 10 tens make one ... | L90: ten | M90: hundred | N90: thousand | P90: hundred | Q90: Ten tens bundle into one hundred. | R90: Off by a place. | S90: 1 | T90: auto-key | U90: system | V90: Missouri Learning Standards (DESE 2016); Common Core 2.NBT.A; base-ten manipulatives | W90: Ready | X90: 2026-05-22
A91: CAP-05 (2.NBT.A.3) | B91: 2.NBT.A.3 | C91: 2 | D91: NBT | E91: Unit 1: Place Value to 1,000 | F91: G2-U1 / Capstone | G91: Procedural | H91: MC | I91: Mixed | J91: Capstone | K91: Count by tens: 480, 490 ... what comes next? | L91: 491 | M91: 500 | N91: 590 | P91: 500 | Q91: Counting on by ten crosses into a new hundred at 500. | R91: Added 1; added 100. | S91: 1 | T91: auto-key | U91: system | V91: Missouri Learning Standards (DESE 2016); Common Core 2.NBT.A; base-ten manipulatives | W91: Ready | X91: 2026-05-22
A92: CAP-06 (2.NBT.A.3) | B92: 2.NBT.A.3 | C92: 2 | D92: NBT | E92: Unit 1: Place Value to 1,000 | F92: G2-U1 / Capstone | G92: Procedural | H92: MC | I92: Mixed | J92: Capstone | K92: Count on by 1: 699 ... what comes next? | L92: 700 | M92: 6910 | N92: 610 | P92: 700 | Q92: 699 plus 1 rolls over to 700. | R92: Concatenation; backward. | S92: 1 | T92: auto-key | U92: system | V92: Missouri Learning Standards (DESE 2016); Common Core 2.NBT.A; base-ten manipulatives | W92: Ready | X92: 2026-05-22
A93: CAP-07 (2.NBT.A.4) | B93: 2.NBT.A.4 | C93: 2 | D93: NBT | E93: Unit 1: Place Value to 1,000 | F93: G2-U1 / Capstone | G93: Conceptual | H93: MC | I93: Mixed | J93: Capstone | K93: Which is the expanded form of 364? | L93: 3 + 6 + 4 | M93: 300 + 60 + 4 | N93: 300 + 6 + 4 | P93: 300 + 60 + 4 | Q93: Each digit as the value of its place. | R93: Face value; undervalued place. | S93: 1 | T93: auto-key | U93: system | V93: Missouri Learning Standards (DESE 2016); Common Core 2.NBT.A; base-ten manipulatives | W93: Ready | X93: 2026-05-22
A94: CAP-08 (2.NBT.A.4) | B94: 2.NBT.A.4 | C94: 2 | D94: NBT | E94: Unit 1: Place Value to 1,000 | F94: G2-U1 / Capstone | G94: Conceptual | H94: MC | I94: Mixed | J94: Capstone | K94: "Four hundred six" is which number? | L94: 46 | M94: 406 | N94: 4006 | P94: 406 | Q94: A 0 holds the empty tens place. | R94: Dropped zero; concatenation. | S94: 1 | T94: auto-key | U94: system | V94: Missouri Learning Standards (DESE 2016); Common Core 2.NBT.A; base-ten manipulatives | W94: Ready | X94: 2026-05-22
A95: CAP-09 (2.NBT.A.5) | B95: 2.NBT.A.5 | C95: 2 | D95: NBT | E95: Unit 1: Place Value to 1,000 | F95: G2-U1 / Capstone | G95: Conceptual | H95: MC | I95: Mixed | J95: Capstone | K95: Which symbol is correct? 627 ? 672 | L95: > | M95: = | N95: < | P95: < | Q95: Hundreds tie, tens decide: 2 tens < 7 tens. | R95: Compared by ones or reversed. | S95: 1 | T95: auto-key | U95: system | V95: Missouri Learning Standards (DESE 2016); Common Core 2.NBT.A; base-ten manipulatives | W95: Ready | X95: 2026-05-22
A96: CAP-10 (2.NBT.A.5) | B96: 2.NBT.A.5 | C96: 2 | D96: NBT | E96: Unit 1: Place Value to 1,000 | F96: G2-U1 / Capstone | G96: Conceptual | H96: MC | I96: Mixed | J96: Capstone | K96: Which number is the greatest? | L96: 309 | M96: 390 | N96: 93 | P96: 390 | Q96: Hundreds tie at 3, then 9 tens beats 0 tens; 93 has no hundreds. | R96: Compared by ones; chose a large single digit. | S96: 1 | T96: auto-key | U96: system | V96: Missouri Learning Standards (DESE 2016); Common Core 2.NBT.A; base-ten manipulatives | W96: Ready | X96: 2026-05-22

Sheet Enums
A1: Item type | B1: Scoring method | C1: Who scores | D1: Form / Use | E1: Recipe type | F1: Status
A2: MC | B2: auto-key | C2: system | D2: Lesson practice | E2: Conceptual | F2: Draft
A3: Constructed | B3: rubric | C3: adult | D3: Lesson mastery | E3: Procedural | F3: Review
A4: Performance | B4: observed sign-off | C4: qualified evaluator | D4: Summative A | E4: Regulatory | F4: Ready
D5: Delayed B | E5: Strategic | F5: Retired
D6: Capstone | E6: Comparative
D7: Performance task | E7: Diagnostic
D8: Decode game | E8: System
E9: Analytical
E10: Interpersonal
E11: Reflective
E12: Historical

Sheet Coverage
A1: Standard code | B1: Total items | C1: MC | D1: Constructed | E1: Performance | F1: Summative A | G1: Delayed B | H1: Capstone
A2: 2.NBT.A.1 | B2: =COUNTIF(Items!$B:$B,$A2) -> 11 | C2: =COUNTIFS(Items!$B:$B,$A2,Items!$H:$H,"MC") -> 9 | D2: =COUNTIFS(Items!$B:$B,$A2,Items!$H:$H,"Constructed") -> 1 | E2: =COUNTIFS(Items!$B:$B,$A2,Items!$H:$H,"Performance") -> 1 | F2: =COUNTIFS(Items!$B:$B,$A2,Items!$J:$J,"Summative A") -> 1 | G2: =COUNTIFS(Items!$B:$B,$A2,Items!$J:$J,"Delayed B") -> 0 | H2: =COUNTIFS(Items!$B:$B,$A2,Items!$J:$J,"Capstone") -> 2
A3: 2.NBT.A.2 | B3: =COUNTIF(Items!$B:$B,$A3) -> 21 | C3: =COUNTIFS(Items!$B:$B,$A3,Items!$H:$H,"MC") -> 18 | D3: =COUNTIFS(Items!$B:$B,$A3,Items!$H:$H,"Constructed") -> 2 | E3: =COUNTIFS(Items!$B:$B,$A3,Items!$H:$H,"Performance") -> 1 | F3: =COUNTIFS(Items!$B:$B,$A3,Items!$J:$J,"Summative A") -> 9 | G3: =COUNTIFS(Items!$B:$B,$A3,Items!$J:$J,"Delayed B") -> 9 | H3: =COUNTIFS(Items!$B:$B,$A3,Items!$J:$J,"Capstone") -> 2
A4: 2.NBT.A.3 | B4: =COUNTIF(Items!$B:$B,$A4) -> 21 | C4: =COUNTIFS(Items!$B:$B,$A4,Items!$H:$H,"MC") -> 18 | D4: =COUNTIFS(Items!$B:$B,$A4,Items!$H:$H,"Constructed") -> 2 | E4: =COUNTIFS(Items!$B:$B,$A4,Items!$H:$H,"Performance") -> 1 | F4: =COUNTIFS(Items!$B:$B,$A4,Items!$J:$J,"Summative A") -> 9 | G4: =COUNTIFS(Items!$B:$B,$A4,Items!$J:$J,"Delayed B") -> 9 | H4: =COUNTIFS(Items!$B:$B,$A4,Items!$J:$J,"Capstone") -> 2
A5: 2.NBT.A.4 | B5: =COUNTIF(Items!$B:$B,$A5) -> 21 | C5: =COUNTIFS(Items!$B:$B,$A5,Items!$H:$H,"MC") -> 18 | D5: =COUNTIFS(Items!$B:$B,$A5,Items!$H:$H,"Constructed") -> 2 | E5: =COUNTIFS(Items!$B:$B,$A5,Items!$H:$H,"Performance") -> 1 | F5: =COUNTIFS(Items!$B:$B,$A5,Items!$J:$J,"Summative A") -> 9 | G5: =COUNTIFS(Items!$B:$B,$A5,Items!$J:$J,"Delayed B") -> 9 | H5: =COUNTIFS(Items!$B:$B,$A5,Items!$J:$J,"Capstone") -> 2
A6: 2.NBT.A.5 | B6: =COUNTIF(Items!$B:$B,$A6) -> 21 | C6: =COUNTIFS(Items!$B:$B,$A6,Items!$H:$H,"MC") -> 18 | D6: =COUNTIFS(Items!$B:$B,$A6,Items!$H:$H,"Constructed") -> 2 | E6: =COUNTIFS(Items!$B:$B,$A6,Items!$H:$H,"Performance") -> 1 | F6: =COUNTIFS(Items!$B:$B,$A6,Items!$J:$J,"Summative A") -> 9 | G6: =COUNTIFS(Items!$B:$B,$A6,Items!$J:$J,"Delayed B") -> 9 | H6: =COUNTIFS(Items!$B:$B,$A6,Items!$J:$J,"Capstone") -> 2
A7: TOTAL | B7: =SUM(B2:B6) -> 95 | C7: =SUM(C2:C6) -> 81 | D7: =SUM(D2:D6) -> 9 | E7: =SUM(E2:E6) -> 5 | F7: =SUM(F2:F6) -> 37 | G7: =SUM(G2:G6) -> 36 | H7: =SUM(H2:H6) -> 10
